[
  {
    "id": "scenario_1_block_low_coherence",
    "name": "BLOCK: Low Coherence",
    "description": "Intent blocked due to low market coherence (high volatility)",
    "seed": 42,
    "intent": {
      "asset": "BTC",
      "side": "BUY",
      "amount": 1000.0,
      "irreversible": true
    },
    "market_conditions": {
      "volatility": 0.45,
      "coherence": 0.25,
      "friction": 0.45,
      "regime": "range"
    },
    "expected_decision": "BLOCK",
    "expected_reason": "x108_low_coherence"
  },
  {
    "id": "scenario_2_hold_x108",
    "name": "HOLD: X-108 Timer Active",
    "description": "Intent held due to X-108 temporal lock (τ not elapsed)",
    "seed": 43,
    "intent": {
      "asset": "ETH",
      "side": "SELL",
      "amount": 500.0,
      "irreversible": true
    },
    "market_conditions": {
      "volatility": 0.15,
      "coherence": 0.75,
      "friction": 0.15,
      "regime": "trend_up"
    },
    "time_elapsed": 5.0,
    "tau": 10.0,
    "expected_decision": "HOLD",
    "expected_reason": "x108_hold"
  },
  {
    "id": "scenario_3_execute_pass",
    "name": "EXECUTE: All Gates Pass",
    "description": "Intent executed successfully after all gates pass",
    "seed": 44,
    "intent": {
      "asset": "BTC",
      "side": "BUY",
      "amount": 250.0,
      "irreversible": true
    },
    "market_conditions": {
      "volatility": 0.10,
      "coherence": 0.85,
      "friction": 0.10,
      "regime": "trend_up"
    },
    "time_elapsed": 12.0,
    "tau": 10.0,
    "expected_decision": "EXECUTE",
    "expected_reason": "pass"
  },
  {
    "id": "scenario_4_block_destructive_sim",
    "name": "BLOCK: Destructive Simulation",
    "description": "Intent blocked due to high risk projection (P(ruin) > threshold)",
    "seed": 45,
    "intent": {
      "asset": "BTC",
      "side": "BUY",
      "amount": 5000.0,
      "irreversible": true
    },
    "market_conditions": {
      "volatility": 0.35,
      "coherence": 0.55,
      "friction": 0.35,
      "regime": "range"
    },
    "simulation_override": {
      "p_ruin": 0.15,
      "p_dd": 0.30,
      "verdict": "DESTRUCTIVE"
    },
    "time_elapsed": 15.0,
    "tau": 10.0,
    "expected_decision": "BLOCK",
    "expected_reason": "simulation_destructive"
  },
  {
    "id": "scenario_5_execute_reversible",
    "name": "EXECUTE: Reversible Intent (No X-108)",
    "description": "Reversible intent executed immediately without X-108 delay",
    "seed": 46,
    "intent": {
      "asset": "ETH",
      "side": "BUY",
      "amount": 100.0,
      "irreversible": false
    },
    "market_conditions": {
      "volatility": 0.20,
      "coherence": 0.70,
      "friction": 0.20,
      "regime": "trend_up"
    },
    "time_elapsed": 0.0,
    "tau": 10.0,
    "expected_decision": "EXECUTE",
    "expected_reason": "pass"
  }
]
